Model,CV Accuracy Mean,CV Accuracy Std,CV F1 Mean,CV F1 Std,CV Source
DistilBERT,0.9021504910974014,0.002614039783279209,0.8123447465408639,0.0061832168677963,kfold_raw_text_distilbert
Logistic Regression,0.8990170049787108,0.0022200983875576845,0.7035379923354197,0.011624924368710668,kfold_tfidf
Linear SVM,0.895741091258933,0.00248413072547755,0.676297320983952,0.012270065672233382,kfold_tfidf
Random Forest,0.8936997679817523,0.002724065046037197,0.6284313559371049,0.011216707263687337,kfold_tfidf
Multinomial NB,0.8542941859739075,0.004977447604814484,0.6179521289160844,0.010523503360319868,kfold_tfidf
