Model,CV Accuracy Mean,CV Accuracy Std,CV F1 Mean,CV F1 Std
Logistic Regression,0.8990170049787108,0.0022200983875576845,0.7035379923354197,0.011624924368710668
Linear SVM,0.8919428490794896,0.0032443512812594345,0.7023575723203684,0.017981630091497208
Random Forest,0.8936997679817523,0.002724065046037197,0.6284313559371049,0.011216707263687337
Multinomial NB,0.8542941859739075,0.004977447604814484,0.6179521289160844,0.010523503360319868
