Model,CV Accuracy Mean,CV Accuracy Std,CV F1 Mean,CV F1 Std
Logistic Regression,0.8990170049787108,0.0022200983875576845,0.7035379923354197,0.011624924368710668
Linear SVM,0.891895365698673,0.003317413502683463,0.702295128503766,0.0180596934035324
Random Forest,0.8936997679817523,0.002724065046037197,0.6284313559371049,0.011216707263687337
Multinomial NB,0.8542941859739075,0.004977447604814484,0.6179521289160844,0.010523503360319868
